<?xml version="1.0" encoding="UTF-8" ?>
<!-- This is a WordPress eXtended RSS file generated by WordPress as an export of your site. -->
<!-- It contains information about your site's posts, pages, comments, categories, and other content. -->
<!-- You may use this file to transfer that content from one site to another. -->
<!-- This file is not intended to serve as a complete backup of your site. -->

<!-- To import this information into a WordPress site follow these steps: -->
<!-- 1. Log in to that site as an administrator. -->
<!-- 2. Go to Tools: Import in the WordPress admin panel. -->
<!-- 3. Install the "WordPress" importer from the list. -->
<!-- 4. Activate & Run Importer. -->
<!-- 5. Upload this file using the form provided on that page. -->
<!-- 6. You will first be asked to map the authors in this export file to users -->
<!--    on the site. For each author, you may choose to map to an -->
<!--    existing user on the site or to create a new user. -->
<!-- 7. WordPress will then import each of the posts, pages, comments, categories, etc. -->
<!--    contained in this file into your site. -->

<!-- generator="WordPress/4.2.2" created="2015-05-28 19:55" -->
<rss version="2.0"
	xmlns:excerpt="http://wordpress.org/export/1.2/excerpt/"
	xmlns:content="http://purl.org/rss/1.0/modules/content/"
	xmlns:wfw="http://wellformedweb.org/CommentAPI/"
	xmlns:dc="http://purl.org/dc/elements/1.1/"
	xmlns:wp="http://wordpress.org/export/1.2/"
>

<channel>
	<title>City Tech Crowdfunding</title>
	<link>http://localhost/ctcf</link>
	<description>Fund the Future</description>
	<pubDate>Thu, 28 May 2015 19:55:58 +0000</pubDate>
	<language>en-US</language>
	<wp:wxr_version>1.2</wp:wxr_version>
	<wp:base_site_url>http://localhost/ctcf</wp:base_site_url>
	<wp:base_blog_url>http://localhost/ctcf</wp:base_blog_url>

	<wp:author><wp:author_id>1</wp:author_id><wp:author_login>kamal</wp:author_login><wp:author_email>tegirmon@gmail.com</wp:author_email><wp:author_display_name><![CDATA[kamal]]></wp:author_display_name><wp:author_first_name><![CDATA[]]></wp:author_first_name><wp:author_last_name><![CDATA[]]></wp:author_last_name></wp:author>

	<wp:category><wp:term_id>3</wp:term_id><wp:category_nicename>campus</wp:category_nicename><wp:category_parent></wp:category_parent><wp:cat_name><![CDATA[Campus]]></wp:cat_name><wp:category_description><![CDATA[Campus related]]></wp:category_description></wp:category>
	<wp:category><wp:term_id>6</wp:term_id><wp:category_nicename>community-service</wp:category_nicename><wp:category_parent></wp:category_parent><wp:cat_name><![CDATA[Community Service]]></wp:cat_name></wp:category>
	<wp:category><wp:term_id>5</wp:term_id><wp:category_nicename>event</wp:category_nicename><wp:category_parent></wp:category_parent><wp:cat_name><![CDATA[Event]]></wp:cat_name></wp:category>
	<wp:category><wp:term_id>1</wp:term_id><wp:category_nicename>other</wp:category_nicename><wp:category_parent></wp:category_parent><wp:cat_name><![CDATA[Other]]></wp:cat_name></wp:category>
	<wp:category><wp:term_id>4</wp:term_id><wp:category_nicename>student-activity</wp:category_nicename><wp:category_parent></wp:category_parent><wp:cat_name><![CDATA[Student Activity]]></wp:cat_name></wp:category>
	<wp:category><wp:term_id>2</wp:term_id><wp:category_nicename>technology</wp:category_nicename><wp:category_parent></wp:category_parent><wp:cat_name><![CDATA[Tech]]></wp:cat_name><wp:category_description><![CDATA[Technology related]]></wp:category_description></wp:category>
	<wp:term><wp:term_id>7</wp:term_id><wp:term_taxonomy>nav_menu</wp:term_taxonomy><wp:term_slug>main</wp:term_slug><wp:term_name><![CDATA[main]]></wp:term_name></wp:term>

	<generator>http://wordpress.org/?v=4.2.2</generator>

	<item>
		<title>Hello world!</title>
		<link>http://localhost/ctcf/hello-world/</link>
		<pubDate>Sun, 24 May 2015 15:38:49 +0000</pubDate>
		<dc:creator><![CDATA[kamal]]></dc:creator>
		<guid isPermaLink="false">http://localhost/ctcf/?p=1</guid>
		<description></description>
		<content:encoded><![CDATA[Welcome to WordPress. This is your first post. Edit or delete it, then start blogging!]]></content:encoded>
		<excerpt:encoded><![CDATA[]]></excerpt:encoded>
		<wp:post_id>1</wp:post_id>
		<wp:post_date>2015-05-24 15:38:49</wp:post_date>
		<wp:post_date_gmt>2015-05-24 15:38:49</wp:post_date_gmt>
		<wp:comment_status>open</wp:comment_status>
		<wp:ping_status>open</wp:ping_status>
		<wp:post_name>hello-world</wp:post_name>
		<wp:status>trash</wp:status>
		<wp:post_parent>0</wp:post_parent>
		<wp:menu_order>0</wp:menu_order>
		<wp:post_type>post</wp:post_type>
		<wp:post_password></wp:post_password>
		<wp:is_sticky>0</wp:is_sticky>
		<category domain="category" nicename="other"><![CDATA[Other]]></category>
		<wp:postmeta>
			<wp:meta_key>_wp_trash_meta_status</wp:meta_key>
			<wp:meta_value><![CDATA[publish]]></wp:meta_value>
		</wp:postmeta>
		<wp:postmeta>
			<wp:meta_key>_wp_trash_meta_time</wp:meta_key>
			<wp:meta_value><![CDATA[1432823563]]></wp:meta_value>
		</wp:postmeta>
		<wp:postmeta>
			<wp:meta_key>_wp_trash_meta_comments_status</wp:meta_key>
			<wp:meta_value><![CDATA[a:1:{i:1;s:1:"1";}]]></wp:meta_value>
		</wp:postmeta>
		<wp:comment>
			<wp:comment_id>1</wp:comment_id>
			<wp:comment_author><![CDATA[Mr WordPress]]></wp:comment_author>
			<wp:comment_author_email></wp:comment_author_email>
			<wp:comment_author_url>https://wordpress.org/</wp:comment_author_url>
			<wp:comment_author_IP></wp:comment_author_IP>
			<wp:comment_date>2015-05-24 15:38:49</wp:comment_date>
			<wp:comment_date_gmt>2015-05-24 15:38:49</wp:comment_date_gmt>
			<wp:comment_content><![CDATA[Hi, this is a comment.
To delete a comment, just log in and view the post&#039;s comments. There you will have the option to edit or delete them.]]></wp:comment_content>
			<wp:comment_approved>post-trashed</wp:comment_approved>
			<wp:comment_type></wp:comment_type>
			<wp:comment_parent>0</wp:comment_parent>
			<wp:comment_user_id>0</wp:comment_user_id>
		</wp:comment>
	</item>
	<item>
		<title>About</title>
		<link>http://localhost/ctcf/sample-page/</link>
		<pubDate>Sun, 24 May 2015 15:38:49 +0000</pubDate>
		<dc:creator><![CDATA[kamal]]></dc:creator>
		<guid isPermaLink="false">http://localhost/ctcf/?page_id=2</guid>
		<description></description>
		<content:encoded><![CDATA[This is an example page. It's different from a blog post because it will stay in one place and will show up in your site navigation (in most themes). Most people start with an About page that introduces them to potential site visitors. It might say something like this:
<blockquote>Hi there! I'm a bike messenger by day, aspiring actor by night, and this is my blog. I live in Los Angeles, have a great dog named Jack, and I like piña coladas. (And gettin' caught in the rain.)</blockquote>
...or something like this:
<blockquote>The XYZ Doohickey Company was founded in 1971, and has been providing quality doohickeys to the public ever since. Located in Gotham City, XYZ employs over 2,000 people and does all kinds of awesome things for the Gotham community.</blockquote>
As a new WordPress user, you should go to <a href="http://localhost/ctcf/wp-admin/">your dashboard</a> to delete this page and create new pages for your content. Have fun!]]></content:encoded>
		<excerpt:encoded><![CDATA[]]></excerpt:encoded>
		<wp:post_id>2</wp:post_id>
		<wp:post_date>2015-05-24 15:38:49</wp:post_date>
		<wp:post_date_gmt>2015-05-24 15:38:49</wp:post_date_gmt>
		<wp:comment_status>open</wp:comment_status>
		<wp:ping_status>open</wp:ping_status>
		<wp:post_name>sample-page</wp:post_name>
		<wp:status>publish</wp:status>
		<wp:post_parent>0</wp:post_parent>
		<wp:menu_order>0</wp:menu_order>
		<wp:post_type>page</wp:post_type>
		<wp:post_password></wp:post_password>
		<wp:is_sticky>0</wp:is_sticky>
		<wp:postmeta>
			<wp:meta_key>_wp_page_template</wp:meta_key>
			<wp:meta_value><![CDATA[default]]></wp:meta_value>
		</wp:postmeta>
		<wp:postmeta>
			<wp:meta_key>_edit_last</wp:meta_key>
			<wp:meta_value><![CDATA[1]]></wp:meta_value>
		</wp:postmeta>
	</item>
	<item>
		<title>Communitas - An app for students</title>
		<link>http://localhost/ctcf/projects/communitas-an-app-for-students/</link>
		<pubDate>Sun, 24 May 2015 16:12:06 +0000</pubDate>
		<dc:creator><![CDATA[kamal]]></dc:creator>
		<guid isPermaLink="false">http://localhost/ctcf/?post_type=ignition_product&#038;p=4</guid>
		<description></description>
		<content:encoded><![CDATA[It is an app]]></content:encoded>
		<excerpt:encoded><![CDATA[]]></excerpt:encoded>
		<wp:post_id>4</wp:post_id>
		<wp:post_date>2015-05-24 16:12:06</wp:post_date>
		<wp:post_date_gmt>2015-05-24 16:12:06</wp:post_date_gmt>
		<wp:comment_status>open</wp:comment_status>
		<wp:ping_status>open</wp:ping_status>
		<wp:post_name>communitas-an-app-for-students</wp:post_name>
		<wp:status>publish</wp:status>
		<wp:post_parent>0</wp:post_parent>
		<wp:menu_order>0</wp:menu_order>
		<wp:post_type>ignition_product</wp:post_type>
		<wp:post_password></wp:post_password>
		<wp:is_sticky>0</wp:is_sticky>
		<category domain="category" nicename="student-activity"><![CDATA[Student Activity]]></category>
		<category domain="category" nicename="technology"><![CDATA[Tech]]></category>
		<wp:postmeta>
			<wp:meta_key>_edit_last</wp:meta_key>
			<wp:meta_value><![CDATA[1]]></wp:meta_value>
		</wp:postmeta>
		<wp:postmeta>
			<wp:meta_key>ign_project_id</wp:meta_key>
			<wp:meta_value><![CDATA[1]]></wp:meta_value>
		</wp:postmeta>
		<wp:postmeta>
			<wp:meta_key>ign_project_type</wp:meta_key>
			<wp:meta_value><![CDATA[level-based]]></wp:meta_value>
		</wp:postmeta>
		<wp:postmeta>
			<wp:meta_key>ign_end_type</wp:meta_key>
			<wp:meta_value><![CDATA[closed]]></wp:meta_value>
		</wp:postmeta>
		<wp:postmeta>
			<wp:meta_key>ign_fund_goal</wp:meta_key>
			<wp:meta_value><![CDATA[5000.00]]></wp:meta_value>
		</wp:postmeta>
		<wp:postmeta>
			<wp:meta_key>ign_fund_end</wp:meta_key>
			<wp:meta_value><![CDATA[07/31/2015]]></wp:meta_value>
		</wp:postmeta>
		<wp:postmeta>
			<wp:meta_key>ign_project_description</wp:meta_key>
			<wp:meta_value><![CDATA[123]]></wp:meta_value>
		</wp:postmeta>
		<wp:postmeta>
			<wp:meta_key>ign_product_level_count</wp:meta_key>
			<wp:meta_value><![CDATA[1]]></wp:meta_value>
		</wp:postmeta>
		<wp:postmeta>
			<wp:meta_key>ign_option_project_url</wp:meta_key>
			<wp:meta_value><![CDATA[current_page]]></wp:meta_value>
		</wp:postmeta>
		<wp:postmeta>
			<wp:meta_key>ign_fund_raised</wp:meta_key>
			<wp:meta_value><![CDATA[200]]></wp:meta_value>
		</wp:postmeta>
		<wp:postmeta>
			<wp:meta_key>ign_percent_raised</wp:meta_key>
			<wp:meta_value><![CDATA[4]]></wp:meta_value>
		</wp:postmeta>
		<wp:postmeta>
			<wp:meta_key>ign_days_left</wp:meta_key>
			<wp:meta_value><![CDATA[63]]></wp:meta_value>
		</wp:postmeta>
		<wp:postmeta>
			<wp:meta_key>ign_project_closed</wp:meta_key>
			<wp:meta_value><![CDATA[]]></wp:meta_value>
		</wp:postmeta>
		<wp:postmeta>
			<wp:meta_key>ign_product_image2</wp:meta_key>
			<wp:meta_value><![CDATA[http://localhost/ctcf/wp-content/uploads/2015/05/math_clock-300x300.jpg]]></wp:meta_value>
		</wp:postmeta>
	</item>
	<item>
		<title>New Computer Lab</title>
		<link>http://localhost/ctcf/projects/new-computer-lab/</link>
		<pubDate>Sun, 24 May 2015 16:57:07 +0000</pubDate>
		<dc:creator><![CDATA[kamal]]></dc:creator>
		<guid isPermaLink="false">http://localhost/ctcf/?post_type=ignition_product&#038;p=5</guid>
		<description></description>
		<content:encoded><![CDATA[Yes, let's do it.]]></content:encoded>
		<excerpt:encoded><![CDATA[]]></excerpt:encoded>
		<wp:post_id>5</wp:post_id>
		<wp:post_date>2015-05-24 16:57:07</wp:post_date>
		<wp:post_date_gmt>2015-05-24 16:57:07</wp:post_date_gmt>
		<wp:comment_status>closed</wp:comment_status>
		<wp:ping_status>open</wp:ping_status>
		<wp:post_name>new-computer-lab</wp:post_name>
		<wp:status>publish</wp:status>
		<wp:post_parent>0</wp:post_parent>
		<wp:menu_order>0</wp:menu_order>
		<wp:post_type>ignition_product</wp:post_type>
		<wp:post_password></wp:post_password>
		<wp:is_sticky>0</wp:is_sticky>
		<category domain="category" nicename="campus"><![CDATA[Campus]]></category>
		<category domain="category" nicename="technology"><![CDATA[Tech]]></category>
		<wp:postmeta>
			<wp:meta_key>_edit_last</wp:meta_key>
			<wp:meta_value><![CDATA[1]]></wp:meta_value>
		</wp:postmeta>
		<wp:postmeta>
			<wp:meta_key>ign_project_id</wp:meta_key>
			<wp:meta_value><![CDATA[2]]></wp:meta_value>
		</wp:postmeta>
		<wp:postmeta>
			<wp:meta_key>ign_project_type</wp:meta_key>
			<wp:meta_value><![CDATA[level-based]]></wp:meta_value>
		</wp:postmeta>
		<wp:postmeta>
			<wp:meta_key>ign_end_type</wp:meta_key>
			<wp:meta_value><![CDATA[closed]]></wp:meta_value>
		</wp:postmeta>
		<wp:postmeta>
			<wp:meta_key>ign_fund_goal</wp:meta_key>
			<wp:meta_value><![CDATA[20000.00]]></wp:meta_value>
		</wp:postmeta>
		<wp:postmeta>
			<wp:meta_key>ign_fund_end</wp:meta_key>
			<wp:meta_value><![CDATA[07/23/2015]]></wp:meta_value>
		</wp:postmeta>
		<wp:postmeta>
			<wp:meta_key>ign_project_description</wp:meta_key>
			<wp:meta_value><![CDATA[Fun]]></wp:meta_value>
		</wp:postmeta>
		<wp:postmeta>
			<wp:meta_key>ign_project_long_description</wp:meta_key>
			<wp:meta_value><![CDATA[<p>More Fun</p>
]]></wp:meta_value>
		</wp:postmeta>
		<wp:postmeta>
			<wp:meta_key>ign_product_level_count</wp:meta_key>
			<wp:meta_value><![CDATA[1]]></wp:meta_value>
		</wp:postmeta>
		<wp:postmeta>
			<wp:meta_key>ign_option_project_url</wp:meta_key>
			<wp:meta_value><![CDATA[current_page]]></wp:meta_value>
		</wp:postmeta>
		<wp:postmeta>
			<wp:meta_key>ign_fund_raised</wp:meta_key>
			<wp:meta_value><![CDATA[3000]]></wp:meta_value>
		</wp:postmeta>
		<wp:postmeta>
			<wp:meta_key>ign_percent_raised</wp:meta_key>
			<wp:meta_value><![CDATA[15]]></wp:meta_value>
		</wp:postmeta>
		<wp:postmeta>
			<wp:meta_key>ign_days_left</wp:meta_key>
			<wp:meta_value><![CDATA[55]]></wp:meta_value>
		</wp:postmeta>
		<wp:postmeta>
			<wp:meta_key>ign_project_closed</wp:meta_key>
			<wp:meta_value><![CDATA[]]></wp:meta_value>
		</wp:postmeta>
		<wp:postmeta>
			<wp:meta_key>ign_product_image2</wp:meta_key>
			<wp:meta_value><![CDATA[http://localhost/ctcf/wp-content/uploads/2015/05/prisoners-of-technology-felipe-luchi-1-300x169.jpg]]></wp:meta_value>
		</wp:postmeta>
	</item>
	<item>
		<title>Improve</title>
		<link>http://localhost/ctcf/projects/new-computer-lab/prisoners-of-technology-felipe-luchi-1/</link>
		<pubDate>Sun, 24 May 2015 16:56:27 +0000</pubDate>
		<dc:creator><![CDATA[kamal]]></dc:creator>
		<guid isPermaLink="false">http://localhost/ctcf/wp-content/uploads/2015/05/prisoners-of-technology-felipe-luchi-1.jpg</guid>
		<description></description>
		<content:encoded><![CDATA[]]></content:encoded>
		<excerpt:encoded><![CDATA[]]></excerpt:encoded>
		<wp:post_id>6</wp:post_id>
		<wp:post_date>2015-05-24 16:56:27</wp:post_date>
		<wp:post_date_gmt>2015-05-24 16:56:27</wp:post_date_gmt>
		<wp:comment_status>open</wp:comment_status>
		<wp:ping_status>open</wp:ping_status>
		<wp:post_name>prisoners-of-technology-felipe-luchi-1</wp:post_name>
		<wp:status>inherit</wp:status>
		<wp:post_parent>5</wp:post_parent>
		<wp:menu_order>0</wp:menu_order>
		<wp:post_type>attachment</wp:post_type>
		<wp:post_password></wp:post_password>
		<wp:is_sticky>0</wp:is_sticky>
		<wp:attachment_url>http://localhost/ctcf/wp-content/uploads/2015/05/prisoners-of-technology-felipe-luchi-1.jpg</wp:attachment_url>
		<wp:postmeta>
			<wp:meta_key>_wp_attached_file</wp:meta_key>
			<wp:meta_value><![CDATA[2015/05/prisoners-of-technology-felipe-luchi-1.jpg]]></wp:meta_value>
		</wp:postmeta>
		<wp:postmeta>
			<wp:meta_key>_wp_attachment_metadata</wp:meta_key>
			<wp:meta_value><![CDATA[a:5:{s:5:"width";i:800;s:6:"height";i:450;s:4:"file";s:50:"2015/05/prisoners-of-technology-felipe-luchi-1.jpg";s:5:"sizes";a:7:{s:9:"thumbnail";a:4:{s:4:"file";s:50:"prisoners-of-technology-felipe-luchi-1-150x150.jpg";s:5:"width";i:150;s:6:"height";i:150;s:9:"mime-type";s:10:"image/jpeg";}s:6:"medium";a:4:{s:4:"file";s:50:"prisoners-of-technology-felipe-luchi-1-300x169.jpg";s:5:"width";i:300;s:6:"height";i:169;s:9:"mime-type";s:10:"image/jpeg";}s:14:"id_embed_image";a:4:{s:4:"file";s:50:"prisoners-of-technology-felipe-luchi-1-190x127.jpg";s:5:"width";i:190;s:6:"height";i:127;s:9:"mime-type";s:10:"image/jpeg";}s:17:"id_checkout_image";a:4:{s:4:"file";s:50:"prisoners-of-technology-felipe-luchi-1-500x226.jpg";s:5:"width";i:500;s:6:"height";i:226;s:9:"mime-type";s:10:"image/jpeg";}s:17:"projectpage-large";a:4:{s:4:"file";s:50:"prisoners-of-technology-felipe-luchi-1-640x360.jpg";s:5:"width";i:640;s:6:"height";i:360;s:9:"mime-type";s:10:"image/jpeg";}s:12:"single-thumb";a:4:{s:4:"file";s:50:"prisoners-of-technology-felipe-luchi-1-700x105.jpg";s:5:"width";i:700;s:6:"height";i:105;s:9:"mime-type";s:10:"image/jpeg";}s:20:"fivehundred_featured";a:4:{s:4:"file";s:50:"prisoners-of-technology-felipe-luchi-1-624x360.jpg";s:5:"width";i:624;s:6:"height";i:360;s:9:"mime-type";s:10:"image/jpeg";}}s:10:"image_meta";a:11:{s:8:"aperture";i:0;s:6:"credit";s:0:"";s:6:"camera";s:0:"";s:7:"caption";s:0:"";s:17:"created_timestamp";i:0;s:9:"copyright";s:0:"";s:12:"focal_length";i:0;s:3:"iso";i:0;s:13:"shutter_speed";i:0;s:5:"title";s:0:"";s:11:"orientation";i:0;}}]]></wp:meta_value>
		</wp:postmeta>
	</item>
	<item>
		<title>Clock</title>
		<link>http://localhost/ctcf/projects/communitas-an-app-for-students/math_clock/</link>
		<pubDate>Sun, 24 May 2015 16:59:01 +0000</pubDate>
		<dc:creator><![CDATA[kamal]]></dc:creator>
		<guid isPermaLink="false">http://localhost/ctcf/wp-content/uploads/2015/05/math_clock.jpg</guid>
		<description></description>
		<content:encoded><![CDATA[]]></content:encoded>
		<excerpt:encoded><![CDATA[]]></excerpt:encoded>
		<wp:post_id>7</wp:post_id>
		<wp:post_date>2015-05-24 16:59:01</wp:post_date>
		<wp:post_date_gmt>2015-05-24 16:59:01</wp:post_date_gmt>
		<wp:comment_status>open</wp:comment_status>
		<wp:ping_status>open</wp:ping_status>
		<wp:post_name>math_clock</wp:post_name>
		<wp:status>inherit</wp:status>
		<wp:post_parent>4</wp:post_parent>
		<wp:menu_order>0</wp:menu_order>
		<wp:post_type>attachment</wp:post_type>
		<wp:post_password></wp:post_password>
		<wp:is_sticky>0</wp:is_sticky>
		<wp:attachment_url>http://localhost/ctcf/wp-content/uploads/2015/05/math_clock.jpg</wp:attachment_url>
		<wp:postmeta>
			<wp:meta_key>_wp_attached_file</wp:meta_key>
			<wp:meta_value><![CDATA[2015/05/math_clock.jpg]]></wp:meta_value>
		</wp:postmeta>
		<wp:postmeta>
			<wp:meta_key>_wp_attachment_metadata</wp:meta_key>
			<wp:meta_value><![CDATA[a:5:{s:5:"width";i:500;s:6:"height";i:500;s:4:"file";s:22:"2015/05/math_clock.jpg";s:5:"sizes";a:6:{s:9:"thumbnail";a:4:{s:4:"file";s:22:"math_clock-150x150.jpg";s:5:"width";i:150;s:6:"height";i:150;s:9:"mime-type";s:10:"image/jpeg";}s:6:"medium";a:4:{s:4:"file";s:22:"math_clock-300x300.jpg";s:5:"width";i:300;s:6:"height";i:300;s:9:"mime-type";s:10:"image/jpeg";}s:14:"id_embed_image";a:4:{s:4:"file";s:22:"math_clock-190x127.jpg";s:5:"width";i:190;s:6:"height";i:127;s:9:"mime-type";s:10:"image/jpeg";}s:17:"id_checkout_image";a:4:{s:4:"file";s:22:"math_clock-500x226.jpg";s:5:"width";i:500;s:6:"height";i:226;s:9:"mime-type";s:10:"image/jpeg";}s:12:"single-thumb";a:4:{s:4:"file";s:22:"math_clock-500x105.jpg";s:5:"width";i:500;s:6:"height";i:105;s:9:"mime-type";s:10:"image/jpeg";}s:20:"fivehundred_featured";a:4:{s:4:"file";s:22:"math_clock-500x360.jpg";s:5:"width";i:500;s:6:"height";i:360;s:9:"mime-type";s:10:"image/jpeg";}}s:10:"image_meta";a:11:{s:8:"aperture";i:0;s:6:"credit";s:0:"";s:6:"camera";s:0:"";s:7:"caption";s:0:"";s:17:"created_timestamp";i:0;s:9:"copyright";s:0:"";s:12:"focal_length";i:0;s:3:"iso";i:0;s:13:"shutter_speed";i:0;s:5:"title";s:0:"";s:11:"orientation";i:0;}}]]></wp:meta_value>
		</wp:postmeta>
	</item>
	<item>
		<title>Space</title>
		<link>http://localhost/ctcf/projects/mock-interview/space-background/</link>
		<pubDate>Sun, 24 May 2015 17:11:43 +0000</pubDate>
		<dc:creator><![CDATA[kamal]]></dc:creator>
		<guid isPermaLink="false">http://localhost/ctcf/wp-content/uploads/2015/05/space-background.jpg</guid>
		<description></description>
		<content:encoded><![CDATA[]]></content:encoded>
		<excerpt:encoded><![CDATA[]]></excerpt:encoded>
		<wp:post_id>8</wp:post_id>
		<wp:post_date>2015-05-24 17:11:43</wp:post_date>
		<wp:post_date_gmt>2015-05-24 17:11:43</wp:post_date_gmt>
		<wp:comment_status>open</wp:comment_status>
		<wp:ping_status>open</wp:ping_status>
		<wp:post_name>space-background</wp:post_name>
		<wp:status>inherit</wp:status>
		<wp:post_parent>12</wp:post_parent>
		<wp:menu_order>0</wp:menu_order>
		<wp:post_type>attachment</wp:post_type>
		<wp:post_password></wp:post_password>
		<wp:is_sticky>0</wp:is_sticky>
		<wp:attachment_url>http://localhost/ctcf/wp-content/uploads/2015/05/space-background.jpg</wp:attachment_url>
		<wp:postmeta>
			<wp:meta_key>_wp_attached_file</wp:meta_key>
			<wp:meta_value><![CDATA[2015/05/space-background.jpg]]></wp:meta_value>
		</wp:postmeta>
		<wp:postmeta>
			<wp:meta_key>_wp_attachment_metadata</wp:meta_key>
			<wp:meta_value><![CDATA[a:5:{s:5:"width";i:1920;s:6:"height";i:1080;s:4:"file";s:28:"2015/05/space-background.jpg";s:5:"sizes";a:8:{s:9:"thumbnail";a:4:{s:4:"file";s:28:"space-background-150x150.jpg";s:5:"width";i:150;s:6:"height";i:150;s:9:"mime-type";s:10:"image/jpeg";}s:6:"medium";a:4:{s:4:"file";s:28:"space-background-300x169.jpg";s:5:"width";i:300;s:6:"height";i:169;s:9:"mime-type";s:10:"image/jpeg";}s:5:"large";a:4:{s:4:"file";s:29:"space-background-1024x576.jpg";s:5:"width";i:1024;s:6:"height";i:576;s:9:"mime-type";s:10:"image/jpeg";}s:14:"id_embed_image";a:4:{s:4:"file";s:28:"space-background-190x127.jpg";s:5:"width";i:190;s:6:"height";i:127;s:9:"mime-type";s:10:"image/jpeg";}s:17:"id_checkout_image";a:4:{s:4:"file";s:28:"space-background-500x226.jpg";s:5:"width";i:500;s:6:"height";i:226;s:9:"mime-type";s:10:"image/jpeg";}s:17:"projectpage-large";a:4:{s:4:"file";s:28:"space-background-640x360.jpg";s:5:"width";i:640;s:6:"height";i:360;s:9:"mime-type";s:10:"image/jpeg";}s:12:"single-thumb";a:4:{s:4:"file";s:28:"space-background-700x105.jpg";s:5:"width";i:700;s:6:"height";i:105;s:9:"mime-type";s:10:"image/jpeg";}s:20:"fivehundred_featured";a:4:{s:4:"file";s:28:"space-background-624x360.jpg";s:5:"width";i:624;s:6:"height";i:360;s:9:"mime-type";s:10:"image/jpeg";}}s:10:"image_meta";a:11:{s:8:"aperture";i:0;s:6:"credit";s:0:"";s:6:"camera";s:0:"";s:7:"caption";s:0:"";s:17:"created_timestamp";i:0;s:9:"copyright";s:0:"";s:12:"focal_length";i:0;s:3:"iso";i:0;s:13:"shutter_speed";i:0;s:5:"title";s:0:"";s:11:"orientation";i:0;}}]]></wp:meta_value>
		</wp:postmeta>
	</item>
	<item>
		<title>source</title>
		<link>http://localhost/ctcf/?attachment_id=9</link>
		<pubDate>Sun, 24 May 2015 17:15:38 +0000</pubDate>
		<dc:creator><![CDATA[kamal]]></dc:creator>
		<guid isPermaLink="false">http://localhost/ctcf/wp-content/uploads/2015/05/source.jpg</guid>
		<description></description>
		<content:encoded><![CDATA[]]></content:encoded>
		<excerpt:encoded><![CDATA[]]></excerpt:encoded>
		<wp:post_id>9</wp:post_id>
		<wp:post_date>2015-05-24 17:15:38</wp:post_date>
		<wp:post_date_gmt>2015-05-24 17:15:38</wp:post_date_gmt>
		<wp:comment_status>open</wp:comment_status>
		<wp:ping_status>open</wp:ping_status>
		<wp:post_name>source</wp:post_name>
		<wp:status>inherit</wp:status>
		<wp:post_parent>0</wp:post_parent>
		<wp:menu_order>0</wp:menu_order>
		<wp:post_type>attachment</wp:post_type>
		<wp:post_password></wp:post_password>
		<wp:is_sticky>0</wp:is_sticky>
		<wp:attachment_url>http://localhost/ctcf/wp-content/uploads/2015/05/source.jpg</wp:attachment_url>
		<wp:postmeta>
			<wp:meta_key>_wp_attached_file</wp:meta_key>
			<wp:meta_value><![CDATA[2015/05/source.jpg]]></wp:meta_value>
		</wp:postmeta>
		<wp:postmeta>
			<wp:meta_key>_wp_attachment_metadata</wp:meta_key>
			<wp:meta_value><![CDATA[a:5:{s:5:"width";i:506;s:6:"height";i:506;s:4:"file";s:18:"2015/05/source.jpg";s:5:"sizes";a:6:{s:9:"thumbnail";a:4:{s:4:"file";s:18:"source-150x150.jpg";s:5:"width";i:150;s:6:"height";i:150;s:9:"mime-type";s:10:"image/jpeg";}s:6:"medium";a:4:{s:4:"file";s:18:"source-300x300.jpg";s:5:"width";i:300;s:6:"height";i:300;s:9:"mime-type";s:10:"image/jpeg";}s:14:"id_embed_image";a:4:{s:4:"file";s:18:"source-190x127.jpg";s:5:"width";i:190;s:6:"height";i:127;s:9:"mime-type";s:10:"image/jpeg";}s:17:"id_checkout_image";a:4:{s:4:"file";s:18:"source-500x226.jpg";s:5:"width";i:500;s:6:"height";i:226;s:9:"mime-type";s:10:"image/jpeg";}s:12:"single-thumb";a:4:{s:4:"file";s:18:"source-506x105.jpg";s:5:"width";i:506;s:6:"height";i:105;s:9:"mime-type";s:10:"image/jpeg";}s:20:"fivehundred_featured";a:4:{s:4:"file";s:18:"source-506x360.jpg";s:5:"width";i:506;s:6:"height";i:360;s:9:"mime-type";s:10:"image/jpeg";}}s:10:"image_meta";a:11:{s:8:"aperture";i:0;s:6:"credit";s:0:"";s:6:"camera";s:0:"";s:7:"caption";s:0:"";s:17:"created_timestamp";i:0;s:9:"copyright";s:0:"";s:12:"focal_length";i:0;s:3:"iso";i:0;s:13:"shutter_speed";i:0;s:5:"title";s:0:"";s:11:"orientation";i:0;}}]]></wp:meta_value>
		</wp:postmeta>
	</item>
	<item>
		<title>Tutoring</title>
		<link>http://localhost/ctcf/projects/tutoring/</link>
		<pubDate>Sun, 24 May 2015 17:28:08 +0000</pubDate>
		<dc:creator><![CDATA[kamal]]></dc:creator>
		<guid isPermaLink="false">http://localhost/ctcf/?post_type=ignition_product&#038;p=10</guid>
		<description></description>
		<content:encoded><![CDATA[Let's help students]]></content:encoded>
		<excerpt:encoded><![CDATA[]]></excerpt:encoded>
		<wp:post_id>10</wp:post_id>
		<wp:post_date>2015-05-24 17:28:08</wp:post_date>
		<wp:post_date_gmt>2015-05-24 17:28:08</wp:post_date_gmt>
		<wp:comment_status>closed</wp:comment_status>
		<wp:ping_status>open</wp:ping_status>
		<wp:post_name>tutoring</wp:post_name>
		<wp:status>publish</wp:status>
		<wp:post_parent>0</wp:post_parent>
		<wp:menu_order>0</wp:menu_order>
		<wp:post_type>ignition_product</wp:post_type>
		<wp:post_password></wp:post_password>
		<wp:is_sticky>0</wp:is_sticky>
		<category domain="category" nicename="community-service"><![CDATA[Community Service]]></category>
		<wp:postmeta>
			<wp:meta_key>_edit_last</wp:meta_key>
			<wp:meta_value><![CDATA[1]]></wp:meta_value>
		</wp:postmeta>
		<wp:postmeta>
			<wp:meta_key>ign_project_id</wp:meta_key>
			<wp:meta_value><![CDATA[3]]></wp:meta_value>
		</wp:postmeta>
		<wp:postmeta>
			<wp:meta_key>ign_project_type</wp:meta_key>
			<wp:meta_value><![CDATA[level-based]]></wp:meta_value>
		</wp:postmeta>
		<wp:postmeta>
			<wp:meta_key>ign_end_type</wp:meta_key>
			<wp:meta_value><![CDATA[closed]]></wp:meta_value>
		</wp:postmeta>
		<wp:postmeta>
			<wp:meta_key>ign_fund_goal</wp:meta_key>
			<wp:meta_value><![CDATA[3000.00]]></wp:meta_value>
		</wp:postmeta>
		<wp:postmeta>
			<wp:meta_key>ign_fund_end</wp:meta_key>
			<wp:meta_value><![CDATA[08/29/2015]]></wp:meta_value>
		</wp:postmeta>
		<wp:postmeta>
			<wp:meta_key>ign_project_description</wp:meta_key>
			<wp:meta_value><![CDATA[Help students learn]]></wp:meta_value>
		</wp:postmeta>
		<wp:postmeta>
			<wp:meta_key>ign_project_long_description</wp:meta_key>
			<wp:meta_value><![CDATA[<p>Help students learn!!!</p>
]]></wp:meta_value>
		</wp:postmeta>
		<wp:postmeta>
			<wp:meta_key>ign_product_title</wp:meta_key>
			<wp:meta_value><![CDATA[Awesome]]></wp:meta_value>
		</wp:postmeta>
		<wp:postmeta>
			<wp:meta_key>ign_product_price</wp:meta_key>
			<wp:meta_value><![CDATA[50.00]]></wp:meta_value>
		</wp:postmeta>
		<wp:postmeta>
			<wp:meta_key>ign_product_limit</wp:meta_key>
			<wp:meta_value><![CDATA[100]]></wp:meta_value>
		</wp:postmeta>
		<wp:postmeta>
			<wp:meta_key>ign_projectmeta_level_order</wp:meta_key>
			<wp:meta_value><![CDATA[1]]></wp:meta_value>
		</wp:postmeta>
		<wp:postmeta>
			<wp:meta_key>ign_product_image2</wp:meta_key>
			<wp:meta_value><![CDATA[http://localhost/ctcf/wp-content/uploads/2015/05/shoes-background-300x183.jpg]]></wp:meta_value>
		</wp:postmeta>
		<wp:postmeta>
			<wp:meta_key>ign_product_level_count</wp:meta_key>
			<wp:meta_value><![CDATA[2]]></wp:meta_value>
		</wp:postmeta>
		<wp:postmeta>
			<wp:meta_key>ign_product_level_2_title</wp:meta_key>
			<wp:meta_value><![CDATA[Very Awesome]]></wp:meta_value>
		</wp:postmeta>
		<wp:postmeta>
			<wp:meta_key>ign_product_level_2_limit</wp:meta_key>
			<wp:meta_value><![CDATA[500]]></wp:meta_value>
		</wp:postmeta>
		<wp:postmeta>
			<wp:meta_key>ign_product_level_2_order</wp:meta_key>
			<wp:meta_value><![CDATA[2]]></wp:meta_value>
		</wp:postmeta>
		<wp:postmeta>
			<wp:meta_key>ign_product_level_2_price</wp:meta_key>
			<wp:meta_value><![CDATA[200.00]]></wp:meta_value>
		</wp:postmeta>
		<wp:postmeta>
			<wp:meta_key>ign_product_level_2_short_desc</wp:meta_key>
			<wp:meta_value><![CDATA[]]></wp:meta_value>
		</wp:postmeta>
		<wp:postmeta>
			<wp:meta_key>ign_product_level_2_desc</wp:meta_key>
			<wp:meta_value><![CDATA[]]></wp:meta_value>
		</wp:postmeta>
		<wp:postmeta>
			<wp:meta_key>custom_level_order</wp:meta_key>
			<wp:meta_value><![CDATA[1]]></wp:meta_value>
		</wp:postmeta>
		<wp:postmeta>
			<wp:meta_key>ign_option_project_url</wp:meta_key>
			<wp:meta_value><![CDATA[current_page]]></wp:meta_value>
		</wp:postmeta>
		<wp:postmeta>
			<wp:meta_key>ign_fund_raised</wp:meta_key>
			<wp:meta_value><![CDATA[300]]></wp:meta_value>
		</wp:postmeta>
		<wp:postmeta>
			<wp:meta_key>ign_percent_raised</wp:meta_key>
			<wp:meta_value><![CDATA[10]]></wp:meta_value>
		</wp:postmeta>
		<wp:postmeta>
			<wp:meta_key>ign_days_left</wp:meta_key>
			<wp:meta_value><![CDATA[92]]></wp:meta_value>
		</wp:postmeta>
		<wp:postmeta>
			<wp:meta_key>ign_project_closed</wp:meta_key>
			<wp:meta_value><![CDATA[]]></wp:meta_value>
		</wp:postmeta>
	</item>
	<item>
		<title>shoes-background</title>
		<link>http://localhost/ctcf/projects/tutoring/shoes-background/</link>
		<pubDate>Sun, 24 May 2015 17:27:39 +0000</pubDate>
		<dc:creator><![CDATA[kamal]]></dc:creator>
		<guid isPermaLink="false">http://localhost/ctcf/wp-content/uploads/2015/05/shoes-background.jpg</guid>
		<description></description>
		<content:encoded><![CDATA[]]></content:encoded>
		<excerpt:encoded><![CDATA[]]></excerpt:encoded>
		<wp:post_id>11</wp:post_id>
		<wp:post_date>2015-05-24 17:27:39</wp:post_date>
		<wp:post_date_gmt>2015-05-24 17:27:39</wp:post_date_gmt>
		<wp:comment_status>open</wp:comment_status>
		<wp:ping_status>open</wp:ping_status>
		<wp:post_name>shoes-background</wp:post_name>
		<wp:status>inherit</wp:status>
		<wp:post_parent>10</wp:post_parent>
		<wp:menu_order>0</wp:menu_order>
		<wp:post_type>attachment</wp:post_type>
		<wp:post_password></wp:post_password>
		<wp:is_sticky>0</wp:is_sticky>
		<wp:attachment_url>http://localhost/ctcf/wp-content/uploads/2015/05/shoes-background.jpg</wp:attachment_url>
		<wp:postmeta>
			<wp:meta_key>_wp_attached_file</wp:meta_key>
			<wp:meta_value><![CDATA[2015/05/shoes-background.jpg]]></wp:meta_value>
		</wp:postmeta>
		<wp:postmeta>
			<wp:meta_key>_wp_attachment_metadata</wp:meta_key>
			<wp:meta_value><![CDATA[a:5:{s:5:"width";i:1634;s:6:"height";i:995;s:4:"file";s:28:"2015/05/shoes-background.jpg";s:5:"sizes";a:8:{s:9:"thumbnail";a:4:{s:4:"file";s:28:"shoes-background-150x150.jpg";s:5:"width";i:150;s:6:"height";i:150;s:9:"mime-type";s:10:"image/jpeg";}s:6:"medium";a:4:{s:4:"file";s:28:"shoes-background-300x183.jpg";s:5:"width";i:300;s:6:"height";i:183;s:9:"mime-type";s:10:"image/jpeg";}s:5:"large";a:4:{s:4:"file";s:29:"shoes-background-1024x624.jpg";s:5:"width";i:1024;s:6:"height";i:624;s:9:"mime-type";s:10:"image/jpeg";}s:14:"id_embed_image";a:4:{s:4:"file";s:28:"shoes-background-190x127.jpg";s:5:"width";i:190;s:6:"height";i:127;s:9:"mime-type";s:10:"image/jpeg";}s:17:"id_checkout_image";a:4:{s:4:"file";s:28:"shoes-background-500x226.jpg";s:5:"width";i:500;s:6:"height";i:226;s:9:"mime-type";s:10:"image/jpeg";}s:17:"projectpage-large";a:4:{s:4:"file";s:28:"shoes-background-640x390.jpg";s:5:"width";i:640;s:6:"height";i:390;s:9:"mime-type";s:10:"image/jpeg";}s:12:"single-thumb";a:4:{s:4:"file";s:28:"shoes-background-700x105.jpg";s:5:"width";i:700;s:6:"height";i:105;s:9:"mime-type";s:10:"image/jpeg";}s:20:"fivehundred_featured";a:4:{s:4:"file";s:28:"shoes-background-624x360.jpg";s:5:"width";i:624;s:6:"height";i:360;s:9:"mime-type";s:10:"image/jpeg";}}s:10:"image_meta";a:11:{s:8:"aperture";i:0;s:6:"credit";s:0:"";s:6:"camera";s:0:"";s:7:"caption";s:0:"";s:17:"created_timestamp";i:0;s:9:"copyright";s:0:"";s:12:"focal_length";i:0;s:3:"iso";i:0;s:13:"shutter_speed";i:0;s:5:"title";s:0:"";s:11:"orientation";i:0;}}]]></wp:meta_value>
		</wp:postmeta>
	</item>
	<item>
		<title>Mock Interview</title>
		<link>http://localhost/ctcf/projects/mock-interview/</link>
		<pubDate>Sun, 24 May 2015 17:30:39 +0000</pubDate>
		<dc:creator><![CDATA[kamal]]></dc:creator>
		<guid isPermaLink="false">http://localhost/ctcf/?post_type=ignition_product&#038;p=12</guid>
		<description></description>
		<content:encoded><![CDATA[Lorem ipsum dolor sit amet, consectetur adipiscing elit. Sed ut aliquam augue. Vivamus ultricies porttitor interdum. Maecenas hendrerit suscipit lectus sit amet interdum. Vestibulum ante ipsum primis in faucibus orci luctus et ultrices posuere cubilia Curae; Vestibulum tristique in risus consectetur pharetra. Donec risus ante, finibus quis dui a, rhoncus condimentum mi. Sed mauris urna, euismod eget nibh sit amet, convallis ornare nisl. Vivamus vitae felis arcu. Phasellus sit amet arcu interdum, bibendum erat ac, tempor felis. Pellentesque congue scelerisque leo, non tristique sem hendrerit sit amet. Fusce ac augue maximus, vehicula nisi non, egestas nunc. Donec pellentesque, tellus at venenatis cursus, lorem arcu porttitor tortor, eu commodo diam turpis nec mi. Nam ac tempor sapien, a eleifend est. Sed ac augue sit amet justo interdum lacinia.

<a href="http://localhost/ctcf/wp-content/uploads/2015/05/shoes-background.jpg"><img class="alignnone size-medium wp-image-11" src="http://localhost/ctcf/wp-content/uploads/2015/05/shoes-background-300x183.jpg" alt="shoes-background" width="300" height="183" /></a>]]></content:encoded>
		<excerpt:encoded><![CDATA[]]></excerpt:encoded>
		<wp:post_id>12</wp:post_id>
		<wp:post_date>2015-05-24 17:30:39</wp:post_date>
		<wp:post_date_gmt>2015-05-24 17:30:39</wp:post_date_gmt>
		<wp:comment_status>closed</wp:comment_status>
		<wp:ping_status>open</wp:ping_status>
		<wp:post_name>mock-interview</wp:post_name>
		<wp:status>publish</wp:status>
		<wp:post_parent>0</wp:post_parent>
		<wp:menu_order>0</wp:menu_order>
		<wp:post_type>ignition_product</wp:post_type>
		<wp:post_password></wp:post_password>
		<wp:is_sticky>0</wp:is_sticky>
		<category domain="category" nicename="event"><![CDATA[Event]]></category>
		<wp:postmeta>
			<wp:meta_key>_edit_last</wp:meta_key>
			<wp:meta_value><![CDATA[1]]></wp:meta_value>
		</wp:postmeta>
		<wp:postmeta>
			<wp:meta_key>ign_project_id</wp:meta_key>
			<wp:meta_value><![CDATA[4]]></wp:meta_value>
		</wp:postmeta>
		<wp:postmeta>
			<wp:meta_key>ign_project_type</wp:meta_key>
			<wp:meta_value><![CDATA[pwyw]]></wp:meta_value>
		</wp:postmeta>
		<wp:postmeta>
			<wp:meta_key>ign_end_type</wp:meta_key>
			<wp:meta_value><![CDATA[open]]></wp:meta_value>
		</wp:postmeta>
		<wp:postmeta>
			<wp:meta_key>ign_fund_goal</wp:meta_key>
			<wp:meta_value><![CDATA[1600.00]]></wp:meta_value>
		</wp:postmeta>
		<wp:postmeta>
			<wp:meta_key>ign_fund_end</wp:meta_key>
			<wp:meta_value><![CDATA[09/25/2015]]></wp:meta_value>
		</wp:postmeta>
		<wp:postmeta>
			<wp:meta_key>ign_project_description</wp:meta_key>
			<wp:meta_value><![CDATA[Lorem ipsum dolor sit amet, consectetur adipiscing elit. Sed ut aliquam augue. Vivamus ultricies porttitor interdum. Maecenas hendrerit suscipit lectus sit amet interdum. Vestibulum ante ipsum primis in faucibus orci luctus et ultrices posuere cubilia Curae; Vestibulum tristique in risus consectetur pharetra. Donec risus ante, finibus quis dui a, rhoncus condimentum mi. Sed mauris urna, euismod eget nibh sit amet, convallis ornare nisl. Vivamus vitae felis arcu. Phasellus sit amet arcu interdum, bibendum erat ac, tempor felis. Pellentesque congue scelerisque leo, non tristique sem hendrerit sit amet. Fusce ac augue maximus, vehicula nisi non, egestas nunc. Donec pellentesque, tellus at venenatis cursus, lorem arcu porttitor tortor, eu commodo diam turpis nec mi. Nam ac tempor sapien, a eleifend est. Sed ac augue sit amet justo interdum lacinia.]]></wp:meta_value>
		</wp:postmeta>
		<wp:postmeta>
			<wp:meta_key>ign_project_long_description</wp:meta_key>
			<wp:meta_value><![CDATA[<p>Lorem ipsum dolor sit amet, consectetur adipiscing elit. Sed ut aliquam augue. Vivamus ultricies porttitor interdum. Maecenas hendrerit suscipit lectus sit amet interdum. Vestibulum ante ipsum primis in faucibus orci luctus et ultrices posuere cubilia Curae; Vestibulum tristique in risus consectetur pharetra. Donec risus ante, finibus quis dui a, rhoncus condimentum mi. Sed mauris urna, euismod eget nibh sit amet, convallis ornare nisl. Vivamus vitae felis arcu. Phasellus sit amet arcu interdum, bibendum erat ac, tempor felis. Pellentesque congue scelerisque leo, non tristique sem hendrerit sit amet. Fusce ac augue maximus, vehicula nisi non, egestas nunc. Donec pellentesque, tellus at venenatis cursus, lorem arcu porttitor tortor, eu commodo diam turpis nec mi. Nam ac tempor sapien, a eleifend est. Sed ac augue sit amet justo interdum lacinia.</p>
<p>Cras at lacus felis. Suspendisse potenti. Suspendisse aliquet, orci sit amet blandit faucibus, ex purus commodo ligula, vel tincidunt turpis lectus vel enim. Praesent imperdiet consectetur risus, at accumsan ipsum dapibus at. Fusce metus ipsum, posuere vitae est a, rutrum imperdiet mauris. Integer a lectus tincidunt nulla accumsan finibus in sit amet metus. Aliquam in dolor auctor, consectetur dolor id, tincidunt purus.</p>
<p>Aliquam pharetra leo vitae ligula convallis, at aliquet dui mollis. Suspendisse eleifend ultrices sem ut dictum. Etiam at neque vel ligula ultrices ullamcorper. Cras rutrum convallis lorem vel pharetra. Phasellus vitae vulputate odio. Etiam ornare lacinia egestas. Curabitur nibh ipsum, porttitor in posuere sed, sagittis ac odio.</p>
<p>Aliquam tortor velit, mollis sit amet lorem sed, congue faucibus massa. Quisque a est nec nisl ornare sollicitudin. Praesent ex quam, semper non ipsum non, vehicula maximus mauris. Donec finibus, nunc nec finibus rhoncus, eros ex dapibus dolor, a tincidunt odio erat sit amet leo. Quisque imperdiet sit amet felis vitae fringilla. Proin nec tincidunt felis, vitae volutpat quam. Fusce vehicula, erat sed scelerisque sagittis, metus tortor viverra libero, quis pharetra odio urna non leo. Nulla ultricies justo eget pharetra dapibus. Nam laoreet bibendum viverra. Donec ut leo vel lacus hendrerit venenatis sed eu diam. In eu sodales augue. Praesent tempus, risus quis venenatis semper, felis ligula tincidunt est, id congue eros sapien nec augue.</p>
<p>Pellentesque habitant morbi tristique senectus et netus et malesuada fames ac turpis egestas. Morbi vitae diam vehicula, vestibulum lacus et, porta purus. Proin tristique massa eu viverra mollis. Cras sagittis porttitor dolor non sollicitudin. Praesent faucibus, tortor a auctor elementum, quam dolor egestas dolor, placerat scelerisque nisi est quis nulla. Fusce tincidunt hendrerit convallis. Sed facilisis sodales tincidunt. Etiam interdum nunc purus, a tincidunt sem tempor ultrices.</p>
]]></wp:meta_value>
		</wp:postmeta>
		<wp:postmeta>
			<wp:meta_key>ign_product_title</wp:meta_key>
			<wp:meta_value><![CDATA[Supporter]]></wp:meta_value>
		</wp:postmeta>
		<wp:postmeta>
			<wp:meta_key>ign_product_price</wp:meta_key>
			<wp:meta_value><![CDATA[20.00]]></wp:meta_value>
		</wp:postmeta>
		<wp:postmeta>
			<wp:meta_key>ign_product_image2</wp:meta_key>
			<wp:meta_value><![CDATA[http://localhost/ctcf/wp-content/uploads/2015/05/papers.co-mi11-hongkong-at-night-drive-city-white-2880x1800-300x188.jpg]]></wp:meta_value>
		</wp:postmeta>
		<wp:postmeta>
			<wp:meta_key>ign_product_level_count</wp:meta_key>
			<wp:meta_value><![CDATA[1]]></wp:meta_value>
		</wp:postmeta>
		<wp:postmeta>
			<wp:meta_key>ign_option_project_url</wp:meta_key>
			<wp:meta_value><![CDATA[current_page]]></wp:meta_value>
		</wp:postmeta>
		<wp:postmeta>
			<wp:meta_key>ign_fund_raised</wp:meta_key>
			<wp:meta_value><![CDATA[20]]></wp:meta_value>
		</wp:postmeta>
		<wp:postmeta>
			<wp:meta_key>ign_percent_raised</wp:meta_key>
			<wp:meta_value><![CDATA[1.25]]></wp:meta_value>
		</wp:postmeta>
		<wp:postmeta>
			<wp:meta_key>ign_days_left</wp:meta_key>
			<wp:meta_value><![CDATA[119]]></wp:meta_value>
		</wp:postmeta>
		<wp:postmeta>
			<wp:meta_key>ign_project_closed</wp:meta_key>
			<wp:meta_value><![CDATA[]]></wp:meta_value>
		</wp:postmeta>
		<wp:postmeta>
			<wp:meta_key>ign_product_video</wp:meta_key>
			<wp:meta_value><![CDATA[&lt;iframe width=&quot;560&quot; height=&quot;315&quot; src=&quot;https://www.youtube.com/embed/Wc5zUK2MKNY&quot; frameborder=&quot;0&quot; allowfullscreen&gt;&lt;/iframe&gt;]]></wp:meta_value>
		</wp:postmeta>
		<wp:postmeta>
			<wp:meta_key>ign_product_image3</wp:meta_key>
			<wp:meta_value><![CDATA[http://localhost/ctcf/wp-content/uploads/2015/05/space-background-300x169.jpg]]></wp:meta_value>
		</wp:postmeta>
	</item>
	<item>
		<title>papers.co-mi11-hongkong-at-night-drive-city-white-2880x1800</title>
		<link>http://localhost/ctcf/projects/mock-interview/papers-co-mi11-hongkong-at-night-drive-city-white-2880x1800/</link>
		<pubDate>Sun, 24 May 2015 17:30:21 +0000</pubDate>
		<dc:creator><![CDATA[kamal]]></dc:creator>
		<guid isPermaLink="false">http://localhost/ctcf/wp-content/uploads/2015/05/papers.co-mi11-hongkong-at-night-drive-city-white-2880x1800.jpg</guid>
		<description></description>
		<content:encoded><![CDATA[]]></content:encoded>
		<excerpt:encoded><![CDATA[]]></excerpt:encoded>
		<wp:post_id>13</wp:post_id>
		<wp:post_date>2015-05-24 17:30:21</wp:post_date>
		<wp:post_date_gmt>2015-05-24 17:30:21</wp:post_date_gmt>
		<wp:comment_status>open</wp:comment_status>
		<wp:ping_status>open</wp:ping_status>
		<wp:post_name>papers-co-mi11-hongkong-at-night-drive-city-white-2880x1800</wp:post_name>
		<wp:status>inherit</wp:status>
		<wp:post_parent>12</wp:post_parent>
		<wp:menu_order>0</wp:menu_order>
		<wp:post_type>attachment</wp:post_type>
		<wp:post_password></wp:post_password>
		<wp:is_sticky>0</wp:is_sticky>
		<wp:attachment_url>http://localhost/ctcf/wp-content/uploads/2015/05/papers.co-mi11-hongkong-at-night-drive-city-white-2880x1800.jpg</wp:attachment_url>
		<wp:postmeta>
			<wp:meta_key>_wp_attached_file</wp:meta_key>
			<wp:meta_value><![CDATA[2015/05/papers.co-mi11-hongkong-at-night-drive-city-white-2880x1800.jpg]]></wp:meta_value>
		</wp:postmeta>
		<wp:postmeta>
			<wp:meta_key>_wp_attachment_metadata</wp:meta_key>
			<wp:meta_value><![CDATA[a:5:{s:5:"width";i:2880;s:6:"height";i:1800;s:4:"file";s:71:"2015/05/papers.co-mi11-hongkong-at-night-drive-city-white-2880x1800.jpg";s:5:"sizes";a:8:{s:9:"thumbnail";a:4:{s:4:"file";s:71:"papers.co-mi11-hongkong-at-night-drive-city-white-2880x1800-150x150.jpg";s:5:"width";i:150;s:6:"height";i:150;s:9:"mime-type";s:10:"image/jpeg";}s:6:"medium";a:4:{s:4:"file";s:71:"papers.co-mi11-hongkong-at-night-drive-city-white-2880x1800-300x188.jpg";s:5:"width";i:300;s:6:"height";i:188;s:9:"mime-type";s:10:"image/jpeg";}s:5:"large";a:4:{s:4:"file";s:72:"papers.co-mi11-hongkong-at-night-drive-city-white-2880x1800-1024x640.jpg";s:5:"width";i:1024;s:6:"height";i:640;s:9:"mime-type";s:10:"image/jpeg";}s:14:"id_embed_image";a:4:{s:4:"file";s:71:"papers.co-mi11-hongkong-at-night-drive-city-white-2880x1800-190x127.jpg";s:5:"width";i:190;s:6:"height";i:127;s:9:"mime-type";s:10:"image/jpeg";}s:17:"id_checkout_image";a:4:{s:4:"file";s:71:"papers.co-mi11-hongkong-at-night-drive-city-white-2880x1800-500x226.jpg";s:5:"width";i:500;s:6:"height";i:226;s:9:"mime-type";s:10:"image/jpeg";}s:17:"projectpage-large";a:4:{s:4:"file";s:71:"papers.co-mi11-hongkong-at-night-drive-city-white-2880x1800-640x400.jpg";s:5:"width";i:640;s:6:"height";i:400;s:9:"mime-type";s:10:"image/jpeg";}s:12:"single-thumb";a:4:{s:4:"file";s:71:"papers.co-mi11-hongkong-at-night-drive-city-white-2880x1800-700x105.jpg";s:5:"width";i:700;s:6:"height";i:105;s:9:"mime-type";s:10:"image/jpeg";}s:20:"fivehundred_featured";a:4:{s:4:"file";s:71:"papers.co-mi11-hongkong-at-night-drive-city-white-2880x1800-624x360.jpg";s:5:"width";i:624;s:6:"height";i:360;s:9:"mime-type";s:10:"image/jpeg";}}s:10:"image_meta";a:11:{s:8:"aperture";i:0;s:6:"credit";s:0:"";s:6:"camera";s:0:"";s:7:"caption";s:0:"";s:17:"created_timestamp";i:0;s:9:"copyright";s:0:"";s:12:"focal_length";i:0;s:3:"iso";i:0;s:13:"shutter_speed";i:0;s:5:"title";s:0:"";s:11:"orientation";i:0;}}]]></wp:meta_value>
		</wp:postmeta>
	</item>
	<item>
		<title></title>
		<link>http://localhost/ctcf/16/</link>
		<pubDate>Thu, 28 May 2015 14:45:39 +0000</pubDate>
		<dc:creator><![CDATA[kamal]]></dc:creator>
		<guid isPermaLink="false">http://localhost/ctcf/?p=16</guid>
		<description></description>
		<content:encoded><![CDATA[ ]]></content:encoded>
		<excerpt:encoded><![CDATA[]]></excerpt:encoded>
		<wp:post_id>16</wp:post_id>
		<wp:post_date>2015-05-28 14:45:39</wp:post_date>
		<wp:post_date_gmt>2015-05-28 14:45:39</wp:post_date_gmt>
		<wp:comment_status>closed</wp:comment_status>
		<wp:ping_status>open</wp:ping_status>
		<wp:post_name>16</wp:post_name>
		<wp:status>publish</wp:status>
		<wp:post_parent>0</wp:post_parent>
		<wp:menu_order>1</wp:menu_order>
		<wp:post_type>nav_menu_item</wp:post_type>
		<wp:post_password></wp:post_password>
		<wp:is_sticky>0</wp:is_sticky>
		<category domain="nav_menu" nicename="main"><![CDATA[main]]></category>
		<wp:postmeta>
			<wp:meta_key>_menu_item_type</wp:meta_key>
			<wp:meta_value><![CDATA[post_type]]></wp:meta_value>
		</wp:postmeta>
		<wp:postmeta>
			<wp:meta_key>_menu_item_menu_item_parent</wp:meta_key>
			<wp:meta_value><![CDATA[0]]></wp:meta_value>
		</wp:postmeta>
		<wp:postmeta>
			<wp:meta_key>_menu_item_object_id</wp:meta_key>
			<wp:meta_value><![CDATA[2]]></wp:meta_value>
		</wp:postmeta>
		<wp:postmeta>
			<wp:meta_key>_menu_item_object</wp:meta_key>
			<wp:meta_value><![CDATA[page]]></wp:meta_value>
		</wp:postmeta>
		<wp:postmeta>
			<wp:meta_key>_menu_item_target</wp:meta_key>
			<wp:meta_value><![CDATA[]]></wp:meta_value>
		</wp:postmeta>
		<wp:postmeta>
			<wp:meta_key>_menu_item_classes</wp:meta_key>
			<wp:meta_value><![CDATA[a:1:{i:0;s:0:"";}]]></wp:meta_value>
		</wp:postmeta>
		<wp:postmeta>
			<wp:meta_key>_menu_item_xfn</wp:meta_key>
			<wp:meta_value><![CDATA[]]></wp:meta_value>
		</wp:postmeta>
		<wp:postmeta>
			<wp:meta_key>_menu_item_url</wp:meta_key>
			<wp:meta_value><![CDATA[]]></wp:meta_value>
		</wp:postmeta>
	</item>
	<item>
		<title>City Tech</title>
		<link>http://localhost/ctcf/city-tech/</link>
		<pubDate>Thu, 28 May 2015 14:45:39 +0000</pubDate>
		<dc:creator><![CDATA[kamal]]></dc:creator>
		<guid isPermaLink="false">http://localhost/ctcf/?p=17</guid>
		<description></description>
		<content:encoded><![CDATA[]]></content:encoded>
		<excerpt:encoded><![CDATA[]]></excerpt:encoded>
		<wp:post_id>17</wp:post_id>
		<wp:post_date>2015-05-28 14:45:39</wp:post_date>
		<wp:post_date_gmt>2015-05-28 14:45:39</wp:post_date_gmt>
		<wp:comment_status>closed</wp:comment_status>
		<wp:ping_status>open</wp:ping_status>
		<wp:post_name>city-tech</wp:post_name>
		<wp:status>publish</wp:status>
		<wp:post_parent>0</wp:post_parent>
		<wp:menu_order>2</wp:menu_order>
		<wp:post_type>nav_menu_item</wp:post_type>
		<wp:post_password></wp:post_password>
		<wp:is_sticky>0</wp:is_sticky>
		<category domain="nav_menu" nicename="main"><![CDATA[main]]></category>
		<wp:postmeta>
			<wp:meta_key>_menu_item_type</wp:meta_key>
			<wp:meta_value><![CDATA[custom]]></wp:meta_value>
		</wp:postmeta>
		<wp:postmeta>
			<wp:meta_key>_menu_item_menu_item_parent</wp:meta_key>
			<wp:meta_value><![CDATA[0]]></wp:meta_value>
		</wp:postmeta>
		<wp:postmeta>
			<wp:meta_key>_menu_item_object_id</wp:meta_key>
			<wp:meta_value><![CDATA[17]]></wp:meta_value>
		</wp:postmeta>
		<wp:postmeta>
			<wp:meta_key>_menu_item_object</wp:meta_key>
			<wp:meta_value><![CDATA[custom]]></wp:meta_value>
		</wp:postmeta>
		<wp:postmeta>
			<wp:meta_key>_menu_item_target</wp:meta_key>
			<wp:meta_value><![CDATA[]]></wp:meta_value>
		</wp:postmeta>
		<wp:postmeta>
			<wp:meta_key>_menu_item_classes</wp:meta_key>
			<wp:meta_value><![CDATA[a:1:{i:0;s:0:"";}]]></wp:meta_value>
		</wp:postmeta>
		<wp:postmeta>
			<wp:meta_key>_menu_item_xfn</wp:meta_key>
			<wp:meta_value><![CDATA[]]></wp:meta_value>
		</wp:postmeta>
		<wp:postmeta>
			<wp:meta_key>_menu_item_url</wp:meta_key>
			<wp:meta_value><![CDATA[http://www.citytech.cuny.edu/]]></wp:meta_value>
		</wp:postmeta>
	</item>
	<item>
		<title>City Tech Crowdfunding</title>
		<link>http://localhost/ctcf/?attachment_id=18</link>
		<pubDate>Thu, 28 May 2015 14:54:35 +0000</pubDate>
		<dc:creator><![CDATA[kamal]]></dc:creator>
		<guid isPermaLink="false">http://localhost/ctcf/wp-content/uploads/2015/05/city_tech_logo_banner.gif</guid>
		<description></description>
		<content:encoded><![CDATA[]]></content:encoded>
		<excerpt:encoded><![CDATA[]]></excerpt:encoded>
		<wp:post_id>18</wp:post_id>
		<wp:post_date>2015-05-28 14:54:35</wp:post_date>
		<wp:post_date_gmt>2015-05-28 14:54:35</wp:post_date_gmt>
		<wp:comment_status>closed</wp:comment_status>
		<wp:ping_status>open</wp:ping_status>
		<wp:post_name>city_tech_logo_banner</wp:post_name>
		<wp:status>inherit</wp:status>
		<wp:post_parent>0</wp:post_parent>
		<wp:menu_order>0</wp:menu_order>
		<wp:post_type>attachment</wp:post_type>
		<wp:post_password></wp:post_password>
		<wp:is_sticky>0</wp:is_sticky>
		<wp:attachment_url>http://localhost/ctcf/wp-content/uploads/2015/05/city_tech_logo_banner.gif</wp:attachment_url>
		<wp:postmeta>
			<wp:meta_key>_wp_attached_file</wp:meta_key>
			<wp:meta_value><![CDATA[2015/05/city_tech_logo_banner.gif]]></wp:meta_value>
		</wp:postmeta>
		<wp:postmeta>
			<wp:meta_key>_wp_attachment_metadata</wp:meta_key>
			<wp:meta_value><![CDATA[a:5:{s:5:"width";i:277;s:6:"height";i:84;s:4:"file";s:33:"2015/05/city_tech_logo_banner.gif";s:5:"sizes";a:2:{s:9:"thumbnail";a:4:{s:4:"file";s:32:"city_tech_logo_banner-150x84.gif";s:5:"width";i:150;s:6:"height";i:84;s:9:"mime-type";s:9:"image/gif";}s:14:"id_embed_image";a:4:{s:4:"file";s:32:"city_tech_logo_banner-190x84.gif";s:5:"width";i:190;s:6:"height";i:84;s:9:"mime-type";s:9:"image/gif";}}s:10:"image_meta";a:11:{s:8:"aperture";i:0;s:6:"credit";s:0:"";s:6:"camera";s:0:"";s:7:"caption";s:0:"";s:17:"created_timestamp";i:0;s:9:"copyright";s:0:"";s:12:"focal_length";i:0;s:3:"iso";i:0;s:13:"shutter_speed";i:0;s:5:"title";s:0:"";s:11:"orientation";i:0;}}]]></wp:meta_value>
		</wp:postmeta>
	</item>
	<item>
		<title>Auto Draft</title>
		<link>http://localhost/ctcf/auto-draft/</link>
		<pubDate>Thu, 28 May 2015 14:59:13 +0000</pubDate>
		<dc:creator><![CDATA[kamal]]></dc:creator>
		<guid isPermaLink="false">http://localhost/ctcf/?page_id=19</guid>
		<description></description>
		<content:encoded><![CDATA[]]></content:encoded>
		<excerpt:encoded><![CDATA[]]></excerpt:encoded>
		<wp:post_id>19</wp:post_id>
		<wp:post_date>2015-05-28 14:59:13</wp:post_date>
		<wp:post_date_gmt>2015-05-28 14:59:13</wp:post_date_gmt>
		<wp:comment_status>closed</wp:comment_status>
		<wp:ping_status>open</wp:ping_status>
		<wp:post_name>auto-draft</wp:post_name>
		<wp:status>trash</wp:status>
		<wp:post_parent>0</wp:post_parent>
		<wp:menu_order>0</wp:menu_order>
		<wp:post_type>page</wp:post_type>
		<wp:post_password></wp:post_password>
		<wp:is_sticky>0</wp:is_sticky>
		<wp:postmeta>
			<wp:meta_key>_wp_trash_meta_status</wp:meta_key>
			<wp:meta_value><![CDATA[auto-draft]]></wp:meta_value>
		</wp:postmeta>
		<wp:postmeta>
			<wp:meta_key>_wp_trash_meta_time</wp:meta_key>
			<wp:meta_value><![CDATA[1432825173]]></wp:meta_value>
		</wp:postmeta>
	</item>
	<item>
		<title>Donations</title>
		<link>http://localhost/ctcf/donations/</link>
		<pubDate>Thu, 28 May 2015 17:25:17 +0000</pubDate>
		<dc:creator><![CDATA[kamal]]></dc:creator>
		<guid isPermaLink="false">http://localhost/ctcf/?page_id=23</guid>
		<description></description>
		<content:encoded><![CDATA[[project_purchase_form]]]></content:encoded>
		<excerpt:encoded><![CDATA[]]></excerpt:encoded>
		<wp:post_id>23</wp:post_id>
		<wp:post_date>2015-05-28 17:25:17</wp:post_date>
		<wp:post_date_gmt>2015-05-28 17:25:17</wp:post_date_gmt>
		<wp:comment_status>closed</wp:comment_status>
		<wp:ping_status>open</wp:ping_status>
		<wp:post_name>donations</wp:post_name>
		<wp:status>publish</wp:status>
		<wp:post_parent>0</wp:post_parent>
		<wp:menu_order>0</wp:menu_order>
		<wp:post_type>page</wp:post_type>
		<wp:post_password></wp:post_password>
		<wp:is_sticky>0</wp:is_sticky>
		<wp:postmeta>
			<wp:meta_key>_edit_last</wp:meta_key>
			<wp:meta_value><![CDATA[1]]></wp:meta_value>
		</wp:postmeta>
		<wp:postmeta>
			<wp:meta_key>_wp_page_template</wp:meta_key>
			<wp:meta_value><![CDATA[default]]></wp:meta_value>
		</wp:postmeta>
	</item>
	<item>
		<title></title>
		<link>http://localhost/ctcf/24/</link>
		<pubDate>Thu, 28 May 2015 17:25:17 +0000</pubDate>
		<dc:creator><![CDATA[kamal]]></dc:creator>
		<guid isPermaLink="false">http://localhost/ctcf/24/</guid>
		<description></description>
		<content:encoded><![CDATA[ ]]></content:encoded>
		<excerpt:encoded><![CDATA[]]></excerpt:encoded>
		<wp:post_id>24</wp:post_id>
		<wp:post_date>2015-05-28 17:25:17</wp:post_date>
		<wp:post_date_gmt>2015-05-28 17:25:17</wp:post_date_gmt>
		<wp:comment_status>closed</wp:comment_status>
		<wp:ping_status>open</wp:ping_status>
		<wp:post_name>24</wp:post_name>
		<wp:status>publish</wp:status>
		<wp:post_parent>0</wp:post_parent>
		<wp:menu_order>3</wp:menu_order>
		<wp:post_type>nav_menu_item</wp:post_type>
		<wp:post_password></wp:post_password>
		<wp:is_sticky>0</wp:is_sticky>
		<category domain="nav_menu" nicename="main"><![CDATA[main]]></category>
		<wp:postmeta>
			<wp:meta_key>_menu_item_type</wp:meta_key>
			<wp:meta_value><![CDATA[post_type]]></wp:meta_value>
		</wp:postmeta>
		<wp:postmeta>
			<wp:meta_key>_menu_item_menu_item_parent</wp:meta_key>
			<wp:meta_value><![CDATA[0]]></wp:meta_value>
		</wp:postmeta>
		<wp:postmeta>
			<wp:meta_key>_menu_item_object_id</wp:meta_key>
			<wp:meta_value><![CDATA[23]]></wp:meta_value>
		</wp:postmeta>
		<wp:postmeta>
			<wp:meta_key>_menu_item_object</wp:meta_key>
			<wp:meta_value><![CDATA[page]]></wp:meta_value>
		</wp:postmeta>
		<wp:postmeta>
			<wp:meta_key>_menu_item_target</wp:meta_key>
			<wp:meta_value><![CDATA[]]></wp:meta_value>
		</wp:postmeta>
		<wp:postmeta>
			<wp:meta_key>_menu_item_classes</wp:meta_key>
			<wp:meta_value><![CDATA[a:1:{i:0;s:0:"";}]]></wp:meta_value>
		</wp:postmeta>
		<wp:postmeta>
			<wp:meta_key>_menu_item_xfn</wp:meta_key>
			<wp:meta_value><![CDATA[]]></wp:meta_value>
		</wp:postmeta>
		<wp:postmeta>
			<wp:meta_key>_menu_item_url</wp:meta_key>
			<wp:meta_value><![CDATA[]]></wp:meta_value>
		</wp:postmeta>
	</item>
	<item>
		<title>Thank you!</title>
		<link>http://localhost/ctcf/thank-you/</link>
		<pubDate>Thu, 28 May 2015 17:25:53 +0000</pubDate>
		<dc:creator><![CDATA[kamal]]></dc:creator>
		<guid isPermaLink="false">http://localhost/ctcf/?page_id=26</guid>
		<description></description>
		<content:encoded><![CDATA[Thank you for your support!]]></content:encoded>
		<excerpt:encoded><![CDATA[]]></excerpt:encoded>
		<wp:post_id>26</wp:post_id>
		<wp:post_date>2015-05-28 17:25:53</wp:post_date>
		<wp:post_date_gmt>2015-05-28 17:25:53</wp:post_date_gmt>
		<wp:comment_status>closed</wp:comment_status>
		<wp:ping_status>open</wp:ping_status>
		<wp:post_name>thank-you</wp:post_name>
		<wp:status>publish</wp:status>
		<wp:post_parent>0</wp:post_parent>
		<wp:menu_order>0</wp:menu_order>
		<wp:post_type>page</wp:post_type>
		<wp:post_password></wp:post_password>
		<wp:is_sticky>0</wp:is_sticky>
		<wp:postmeta>
			<wp:meta_key>_edit_last</wp:meta_key>
			<wp:meta_value><![CDATA[1]]></wp:meta_value>
		</wp:postmeta>
		<wp:postmeta>
			<wp:meta_key>_wp_page_template</wp:meta_key>
			<wp:meta_value><![CDATA[default]]></wp:meta_value>
		</wp:postmeta>
	</item>
	<item>
		<title></title>
		<link>http://localhost/ctcf/27/</link>
		<pubDate>Thu, 28 May 2015 17:25:53 +0000</pubDate>
		<dc:creator><![CDATA[kamal]]></dc:creator>
		<guid isPermaLink="false">http://localhost/ctcf/27/</guid>
		<description></description>
		<content:encoded><![CDATA[ ]]></content:encoded>
		<excerpt:encoded><![CDATA[]]></excerpt:encoded>
		<wp:post_id>27</wp:post_id>
		<wp:post_date>2015-05-28 17:25:53</wp:post_date>
		<wp:post_date_gmt>2015-05-28 17:25:53</wp:post_date_gmt>
		<wp:comment_status>closed</wp:comment_status>
		<wp:ping_status>open</wp:ping_status>
		<wp:post_name>27</wp:post_name>
		<wp:status>publish</wp:status>
		<wp:post_parent>0</wp:post_parent>
		<wp:menu_order>4</wp:menu_order>
		<wp:post_type>nav_menu_item</wp:post_type>
		<wp:post_password></wp:post_password>
		<wp:is_sticky>0</wp:is_sticky>
		<category domain="nav_menu" nicename="main"><![CDATA[main]]></category>
		<wp:postmeta>
			<wp:meta_key>_menu_item_type</wp:meta_key>
			<wp:meta_value><![CDATA[post_type]]></wp:meta_value>
		</wp:postmeta>
		<wp:postmeta>
			<wp:meta_key>_menu_item_menu_item_parent</wp:meta_key>
			<wp:meta_value><![CDATA[0]]></wp:meta_value>
		</wp:postmeta>
		<wp:postmeta>
			<wp:meta_key>_menu_item_object_id</wp:meta_key>
			<wp:meta_value><![CDATA[26]]></wp:meta_value>
		</wp:postmeta>
		<wp:postmeta>
			<wp:meta_key>_menu_item_object</wp:meta_key>
			<wp:meta_value><![CDATA[page]]></wp:meta_value>
		</wp:postmeta>
		<wp:postmeta>
			<wp:meta_key>_menu_item_target</wp:meta_key>
			<wp:meta_value><![CDATA[]]></wp:meta_value>
		</wp:postmeta>
		<wp:postmeta>
			<wp:meta_key>_menu_item_classes</wp:meta_key>
			<wp:meta_value><![CDATA[a:1:{i:0;s:0:"";}]]></wp:meta_value>
		</wp:postmeta>
		<wp:postmeta>
			<wp:meta_key>_menu_item_xfn</wp:meta_key>
			<wp:meta_value><![CDATA[]]></wp:meta_value>
		</wp:postmeta>
		<wp:postmeta>
			<wp:meta_key>_menu_item_url</wp:meta_key>
			<wp:meta_value><![CDATA[]]></wp:meta_value>
		</wp:postmeta>
	</item>
</channel>
</rss>
